Limb,PCP
Lower arms,0.854349951124145
Shoulders,0.915933528836755
Upper arms,0.874389051808407
